Id,Prediction
0,0.9973693381665714
1,0.9989840235457276
2,0.9980801221486879
3,8.107508259394999e-06
4,0.27878007285418427
5,0.9999598082999342
6,0.00018372744914734997
7,0.0006585451212651353
8,0.9978514737359803
9,0.991154754735333
10,0.9962926541372585
11,0.8431995371357444
12,0.0002814163603218522
13,0.0009051697298678887
14,0.0064203329346893285
15,0.9353354060107245
16,0.9891399371149727
17,0.019494445564084386
18,2.1086880304918808e-05
19,0.6821777154322195
20,0.00019462211249471245
21,0.006355083730666789
22,0.009521074322418038
23,0.9999763618003232
24,8.722360999190914e-05
25,0.007192712456402015
26,0.9881276801171743
27,0.2898673263499324
28,0.8936847820303278
29,0.9996453757751691
30,0.9911673397356302
31,0.9999536665332319
32,0.0002445163387388811
33,0.7655012184667773
34,0.9999543635115704
35,0.0012406021388247466
36,0.9997207620279913
37,0.9998577674734695
38,0.998164317744111
39,0.5897315016766027
40,0.9996279211471657
41,0.03408995410576237
42,0.0008762170658017317
43,7.263160116600645e-05
44,0.0021666595347171204
45,0.0011701248980607413
46,0.600885094691927
47,0.6892427291661273
48,0.9997572453564779
49,0.9998950001236815
50,0.9958421941965128
51,0.9999983208841231
52,0.9985948394713482
53,8.940715173053575e-06
54,0.9999905671129652
55,0.013018358138958963
56,0.9988837805207821
57,0.9497523163623266
58,0.8978811369758177
59,0.9982614133878124
60,1.4644828135675717e-06
61,0.0007803981360639298
62,0.9272299492035261
63,1.537360002091913e-05
64,0.9917028323907752
65,0.9989256495266559
66,0.004446021513104015
67,0.3524968598926759
68,0.9953677468545642
69,5.346063846727417e-07
70,1.3455376994395785e-05
71,0.9997316912739893
72,0.9997741374029151
73,0.9999963443327928
74,0.9973887781342705
75,0.9999409269726774
76,0.002485933384765919
77,2.444259672835673e-05
78,0.9999458768918885
79,0.9926506682123521
80,0.99988592165856
81,0.00011976793035971782
82,0.004348592834953312
83,0.9605937033700334
84,0.9920892343785587
85,0.009138111936452078
86,0.9994049790407353
87,0.00014224369830383095
88,0.9999991357978245
89,0.9999894322116525
90,0.9961208717915832
91,0.0013742012035376288
92,0.00012809629903535083
93,0.9999333667314807
94,0.9982780652827125
95,0.8641492173259592
96,1.798221632591854e-05
97,0.9997056064259796
98,0.0001985184678645343
99,0.9999670069205309
100,0.000729625693715524
101,0.9993993508637057
102,0.971338049298851
103,0.012238759711468438
104,0.9905884468286628
105,0.0008996252649582177
106,0.006805229544531808
107,0.9999556351715759
108,0.0003012631980201274
109,0.9999982049350868
110,0.9999249638411923
111,0.0007709148235323332
112,0.9998298935185873
113,0.027719156566174748
114,0.17233723952947674
115,8.298282245646216e-05
116,0.03498023903137085
117,0.9892717773410066
118,0.8357077783153025
119,0.998054810806534
120,0.057493216570272544
121,0.9999997895964449
122,2.6161100422885372e-05
123,0.9971499432183416
124,0.9999906961811937
125,0.9585630363916059
126,0.00939325675169863
127,0.0001310317685306526
128,0.9989013407003396
129,0.9999750434388414
130,0.9999961525378733
131,0.00043079801055167713
132,0.016402247665298075
133,0.9877378878151817
134,0.000920148217170832
135,0.00682535646173776
136,0.9597027070282814
137,0.0010115329961614251
138,0.9993132018903254
139,0.9959705714394782
140,0.8102247788421629
141,0.9996324126078564
142,0.999692185973169
143,0.004526304846473502
144,0.5874613327009921
145,0.0005342761665017262
146,0.9997974603445249
147,0.9750538468490915
148,0.06956111527746461
149,0.005575065663310648
150,0.9999557902997234
151,0.016365027769752814
152,0.9965842703090256
153,0.9977904057252842
154,0.9970606790291119
155,0.0001852119837662214
156,0.00026757613136620643
157,0.9993702194623637
158,0.9982499976025957
159,0.009461423501994283
160,0.0003766623680772045
161,0.9999878048973454
162,0.9998877748971532
163,0.6968944765093822
164,0.9504135859509127
165,0.994786314159062
166,0.009521850286683247
167,0.9999930642029157
168,0.0050935501894685
169,0.9995030535307629
170,0.9850619238764726
171,7.977450842397051e-05
172,0.002293597647996999
173,0.994000802618003
174,0.9875701448508312
175,0.9999397064397003
176,0.9848995159017632
177,0.9964225442830754
178,0.026413462704874716
179,8.720421232023347e-07
180,0.9999685399491257
181,0.9993211991007607
182,0.007086476550876688
183,0.004855273393562111
184,0.005544611492042305
185,0.9984100330181087
186,0.010692341295363499
187,0.999687353402651
188,5.736918155292671e-06
189,0.9999994928542034
190,0.6668305936958984
191,0.02076276550330362
192,0.974297901560912
193,0.9993731206961002
194,0.0018477945000828994
195,0.0006749815242079787
196,0.005675524024075688
197,0.996090953678451
198,0.999837064160785
199,0.009514570382030697
200,0.00013055737489669773
201,0.013332519628521736
202,0.999938361967241
203,0.009782997431835602
204,0.9972772754653049
205,0.0785542533822122
206,0.0031995399817141717
207,0.9964518890781776
208,0.00022090396447279213
209,0.9999474427479204
210,0.0004965546263050322
211,0.00012269030715905387
212,0.9995618601723868
213,0.9998288437629218
214,0.08795905427939177
215,0.9831457763286671
216,0.9997456844670439
217,0.8578247837783668
218,0.9955928466200505
219,0.9612965463735458
220,0.7076125008199036
221,0.0021029429268294886
222,1.1819138453101072e-06
223,0.9993828261411382
224,0.011003403064629259
225,0.9993929438726563
226,0.997477085426829
227,0.00015148860811735432
228,0.950321441986808
229,0.0005273364001675549
230,0.45944305046744544
231,0.9291429814555527
232,0.004735500916441938
233,0.993588865571551
234,1.68007125262338e-06
235,0.0004622909853866124
236,5.446632695389673e-07
237,0.0001362886456274714
238,0.0017871951840286793
239,0.0023435141913450467
240,0.9999904718915503
241,0.9620888526632625
242,0.0001399657870307399
243,0.999971958169569
244,0.9996941879613825
245,0.9803722200507455
246,0.8037524764844542
247,7.297140481534244e-05
248,0.9952346881069952
249,0.9989173549271353
250,1.7328943489137865e-05
251,0.5052750120186376
252,0.9992804675522305
253,0.9715695297310993
254,0.003729875286291198
255,0.009161237891475047
256,0.007305896630218919
257,7.37015813277328e-05
258,0.9999829420849493
259,0.9993351277079361
260,0.9992325285414972
261,3.844549872378228e-06
262,0.9995761283216743
263,0.9998449867135797
264,2.0657374750224392e-06
265,0.0005154364452983779
266,0.012959451386223135
267,0.9998540995237638
268,0.0034001846579805595
269,0.0010223075778609961
270,3.864264336312289e-05
271,0.08219521110574321
272,0.9999666706516084
273,0.9816381265671533
274,0.9998774880534812
275,0.9999817138495954
276,0.013787741144877614
277,7.323130278750315e-05
278,0.99974722321666
279,0.9974703817039521
280,0.12301045819012667
281,0.9995816250424692
282,0.9066651547629471
283,0.9998088710559874
284,0.9999698155675979
285,0.9984327953504085
286,0.9968233534617266
287,0.9948539508925963
288,0.9983905758366988
289,0.025631132026533228
290,0.9984836410976499
291,0.0005144978436536731
292,0.0022264074850865123
293,8.676304753131297e-05
294,0.9994651401847031
295,1.0446362968821872e-05
296,0.9991115424233037
297,0.09750271699642495
298,0.985844052339248
299,5.023852551007615e-05
300,2.0703628365278096e-05
301,0.9993699877751745
302,0.00045039614153121046
303,0.9997788694731173
304,0.9995736160341487
305,0.007244214692315053
306,0.9998074230843729
307,0.000695911510850199
308,2.1529638768716476e-05
309,0.8602025851256512
310,0.9997587703829667
311,0.9999886265940581
312,0.8802140826055387
313,0.0026025006227684694
314,0.00020735038268730936
315,0.9999048226352125
316,0.9999994131095122
317,9.634258562896566e-10
318,0.9692200688496013
319,0.9998342773025634
320,0.9998004605761213
321,0.999894943205337
322,3.697390197516902e-05
323,0.007399227244670282
324,0.9988978293716818
325,0.9956006947304439
326,0.18979037012274944
327,0.9998296938473464
328,0.07563987773184096
329,0.9999155420795004
330,0.9958041271155187
331,0.7370418771243918
332,0.9999748191488036
333,0.978679021758432
334,0.0036826670720985126
335,0.0006121562736544707
336,0.0002600488213238125
337,0.9996893284275741
338,0.012839243490269905
339,0.0005061017094366914
340,0.0023876646711359193
341,0.0006750384379306156
342,0.9925247560731075
343,0.9651759380838024
344,0.016770357107004794
345,0.997472793717963
346,4.078336439272997e-05
347,0.9998725407120816
348,0.9701958510985562
349,0.9999991281481796
350,0.9947071325938436
351,0.9931140061660608
352,0.01061808414135661
353,0.9999917018295224
354,0.9977182068321776
355,0.0003843300793253512
356,0.99994497355739
357,7.702491451312792e-05
358,7.824021298473146e-05
359,1.4423494504506327e-06
360,0.04500419133300524
361,0.003940379319634275
362,0.9992862833183708
363,0.0012768498248829235
364,0.9996310249927869
365,0.998822285432129
366,0.9962033170489117
367,0.9774265244625863
368,0.9984363874384585
369,0.0010762550825353376
370,0.0055982718950742735
371,2.0184002324241672e-07
372,0.9999808202267847
373,0.00843488532260568
374,0.9908903973004788
375,0.8882233917337982
376,0.0004348403946483909
377,0.9965975019423755
378,0.001304072741709121
379,0.999326341677603
380,0.9952181736903357
381,0.0009197734145247414
382,0.07591578765466696
383,0.5755844835309049
384,0.9976449751927945
385,0.9914604387867798
386,9.575821192659254e-05
387,0.0009956820043954921
388,2.0272087512687694e-05
389,0.4697454227515792
390,0.9638039960936162
391,0.9981855113128404
392,0.0983863233122236
393,0.018490564795920605
394,0.01195457379006562
395,0.9925247397434314
396,0.002410486382741208
397,4.827923239801793e-05
398,0.9994320758717138
399,0.02985022376803374
400,0.9999021666898226
401,0.9999402393984457
402,0.9933077819815965
403,0.026932187534316313
404,0.0042205277791258
405,0.009188369021153771
406,1.680053303617575e-05
407,0.08245267821523909
408,0.03034388687487925
409,0.9998230155294905
410,0.9999463654187726
411,0.9959140963137927
412,0.00593553510987454
413,0.9772870010662784
414,0.0018695978545987559
415,0.00043372629552710263
416,0.00013047354141858941
417,4.016854846547257e-05
418,0.005185898062084597
419,0.7166413728332376
420,0.9999946293388989
421,0.0003144630529108072
422,0.9698083706214002
423,0.22529143401838167
424,0.9997317530931706
425,3.073397035066799e-06
426,0.998292321812612
427,0.01408940288346347
428,0.0001773720906161618
429,0.5202187391784443
430,0.9979141995701117
431,9.349801980568771e-07
432,0.0027599679125149563
433,0.9996631937305741
434,0.0006259313732516966
435,1.1892764386309871e-05
436,0.9991586631084256
437,0.9999867415112464
438,2.3208335504005308e-07
439,0.97032460257586
440,0.9997082088940168
441,0.9979742530771453
442,1.629496550236988e-05
443,0.0018205234196017627
444,0.9999249810700137
445,0.0005175968751812637
446,0.9999996529941192
447,0.9999994056963241
448,0.9990848328932643
449,0.00043802958349528767
450,0.018471537684812817
451,0.9831276024208316
452,8.956047530950442e-06
453,0.0015356716634514968
454,0.0007982089059296097
455,0.03891725456470336
456,0.002582633132942877
457,4.462288338921791e-08
458,2.2700045597622855e-05
459,0.00115936915211351
460,0.9994845627260197
461,0.01548611707624042
462,0.0018104626836741417
463,0.9914106057164456
464,0.9947663596646205
465,3.100562287722724e-05
466,0.7471249931903768
467,1.907192886666225e-08
468,0.8697415194466053
469,0.0014627923378700742
470,0.055438678116419685
471,0.9945136715611645
472,0.00035953605985523235
473,8.742788669464313e-05
474,0.9628415828121921
475,0.0004108130864873405
476,0.00016523723131617118
477,0.02364931369924082
478,0.0008707989249943043
479,1.3190378549527004e-06
480,0.9997824803873815
481,0.9982421443133335
482,0.004549723342692524
483,0.9999138694385779
484,0.9954460044443588
485,0.0017621693576502652
486,0.9748554023353726
487,0.07963738452482248
488,0.9993536662543936
489,0.0010891900945611244
490,0.0002532508330169031
491,0.020883640664822366
492,0.029588083378881684
493,0.005336713799644936
494,0.9996757082172122
495,0.999804320681326
496,0.9998982790834193
497,0.00041165967148983486
498,0.00047051624610511494
499,0.45061908183950855
500,0.009193184281634341
501,0.007370816878965074
502,0.999623449688991
503,0.005623465751978923
504,0.9835579090114221
505,0.9999997379530524
506,0.007364424490895512
507,0.00010456458669273508
508,0.1072006786275407
509,0.00033059885489071023
510,0.9431281010297363
511,0.9755545207936985
512,0.002515986740326109
513,0.9990770088198692
514,0.9996369150457808
515,0.9990665069511283
516,0.9229781746624094
517,0.999982618254472
518,0.999962005363662
519,0.9974083380620771
520,0.00029831273157023116
521,0.9992655473736359
522,0.35585107846845554
523,0.00018885066230689957
524,0.013859164353215832
525,1.3630014314523494e-06
526,0.8976423694718209
527,0.0006016696849838913
528,3.9042399620595846e-09
529,1.8027260364740373e-05
530,0.9962520901591233
531,0.9906533725376345
532,0.9999674937801396
533,0.9899048139614531
534,0.0028131572165000693
535,0.00010907142229889636
536,0.9979699798582329
537,0.9988904633917643
538,0.997397888959107
539,0.9704971866118788
540,0.9981483089598371
541,0.9687831844995073
542,0.9959456621759452
543,0.9978617317409693
544,0.0005576748660833267
545,2.881987624674163e-05
546,0.9323607311436695
547,0.9999933863826643
548,0.912827946311396
549,0.0006101603568696337
550,0.9996780768166532
551,0.0002826419013306974
552,0.9895671129094351
553,0.9948063555230766
554,0.9122761979718317
555,0.9999321472170898
556,0.9612131467634636
557,0.04010756405034622
558,0.9991765362295386
559,0.4105774786786708
560,0.9999997514564993
561,0.012793966866293834
562,0.0001914971995538055
563,0.99415432620445
564,0.9981523013318591
565,0.9911878750010498
566,0.00017540017855744558
567,0.9891048841530935
568,0.48249494485827776
569,0.9999698279389296
570,3.718515025761035e-06
571,0.9999310545409682
572,0.9998454508641216
573,0.9996883279564108
574,0.994679547355038
575,0.9225761185678744
576,0.9929189950819772
577,0.0004120823845619531
578,0.9985660792639954
579,0.9593113236270829
580,0.00014350516380331717
581,0.0011862827884689788
582,0.9981085387652031
583,0.9999144037873776
584,0.9999954771372827
585,0.9999960475650539
586,0.0005511386361635353
587,0.000719441658790585
588,0.9978109250299787
589,8.38774290219573e-05
590,0.9999959990846603
591,0.9976214082356168
592,0.5537419825976747
593,0.9994419394950038
594,0.0015969806702016366
595,0.9991712031362973
596,0.994463884361191
597,0.9976806657311397
598,0.001048960510226937
599,0.002077452368549346
600,0.016871117001678006
601,0.0034182119760156784
602,0.008799434855468417
603,0.9999542663276515
604,0.9995829405493168
605,0.8837300162816859
606,8.618026175926122e-05
607,8.23860988380937e-06
608,5.960803490683803e-06
609,7.140670906048145e-06
610,4.8304256992162214e-05
611,1.8575403596185105e-07
612,1.822322568522525e-05
613,0.00019152290515198425
614,0.0006093790064426004
615,0.9998496719833254
616,0.0012770563339380289
617,0.0003050598522096488
618,0.006646456049485623
619,0.9940438361821571
620,0.00033031011183151573
621,0.9072709269894031
622,0.18516946363543155
623,0.0041526299905880245
624,0.0024330767684169574
625,0.9963227342305271
626,0.9996330102146972
627,0.9999994533426502
628,0.9999180559973699
629,0.007205362909678811
630,0.9959408403645773
631,0.042346884812783765
632,0.8447160674077644
633,0.8658348141191418
634,0.03224618469596042
635,0.9945933504790818
636,0.9967255006310913
637,0.9986092950502203
638,0.9995681620757046
639,9.590948111086066e-05
640,3.670936775359403e-05
641,0.9896976826354028
642,0.9999441102428291
643,0.9999450212794124
644,0.02822878305098654
645,0.9950326590967596
646,0.0004551011527514581
647,0.9996421779473993
648,3.524205371509109e-05
649,0.9850101128788246
650,0.00012737792915930993
651,1.3024650324139808e-05
652,0.9903372005733321
653,0.9995615247851442
654,0.00046757680330602135
655,0.0006943474198975006
656,0.001226358147927766
657,9.204179190432321e-07
658,0.9990744572745839
659,0.9952461738528724
660,0.9247118784201432
661,5.281118180401796e-06
662,0.9992865295021618
663,0.01962789030667546
664,0.009103269628947058
665,0.996426631532297
666,0.05748986722003375
667,0.0019769408848796352
668,0.9985215537396542
669,0.9986733768081625
670,0.0004182652379393427
671,0.0014956737330200209
672,0.00023015316524123248
673,0.9811229641555973
674,1.2058020038826946e-06
675,3.654647012790654e-07
676,0.9953479677179384
677,7.894348059961576e-08
678,1.1893447553139841e-06
679,0.02289867832067593
680,0.8046267860623896
681,0.9955927597167071
682,0.0010632523574423355
683,0.998264421127719
684,7.471143130869389e-05
685,0.9998809540033956
686,0.9968196426584904
687,0.9996666113220063
688,0.9997497194720985
689,0.00015835095269867304
690,0.9997786039373836
691,0.013322120292203681
692,0.9982200474996668
693,0.04261561131115404
694,1.0964937343637182e-06
695,0.9999984881382107
696,0.9982922340316449
697,0.0026250221341027223
698,0.9982567130253438
699,0.993300034915977
700,0.9924952608687034
701,0.005235637765882187
702,0.007333686137173193
703,0.18716909577151833
704,0.9805958480530667
705,0.003176832486517452
706,0.9986702350548173
707,0.9884888218251541
708,0.9998565974283969
709,0.9871815625259472
710,0.9999992927435197
711,0.004300394355085713
712,0.00742133265207001
713,0.9997809368282676
714,0.001708876251918508
715,0.982127720691917
716,0.9906808294754155
717,0.9995282899091825
718,0.03057151595098468
719,0.00015925585752046977
720,0.9984121321419629
721,0.999729031944044
722,0.009469886863012415
723,0.9997998630702468
724,0.00014396033753387227
725,0.0007078925207945244
726,0.0008354849587901717
727,0.9944755418883257
728,0.028152823883451056
729,0.9379695468898815
730,3.2561420446594e-06
731,0.9999785327547495
732,0.9790472358189495
733,0.0011346051719155613
734,2.6303065533512286e-06
735,0.9996083967942836
736,0.0010647109493298168
737,0.00024447293693001857
738,0.00012953779831973122
739,0.0002729046179248413
740,1.2505955023999104e-06
741,0.9998585765088203
742,0.156354873325484
743,0.9363558984484811
744,0.9992473660513596
745,0.0001832579894413442
746,7.403158677371107e-08
747,0.9994334834763594
748,0.9999577741272665
749,0.17317850054421943
750,0.003356635241016771
751,1.3223927340555475e-06
752,0.9991918806921173
753,0.9999751467958736
754,1.5058245709013225e-06
755,0.9337741470049946
756,0.0008734805661297574
757,0.9971361293060595
758,0.995398968181329
759,0.04541509980351102
760,0.9998894032817249
761,0.7820577409223824
762,0.00248566039014382
763,0.0052211139877088
764,0.9988432559449874
765,0.0013748089907150277
766,0.000278187027456847
767,0.00019638169632841534
768,0.9981343492344655
769,0.00044877364911326815
770,0.0009444958460902219
771,5.696008586516169e-05
772,0.003939898517431013
773,0.43414727323095925
774,0.9897524901445267
775,0.9999932336649058
776,0.9991537753726335
777,0.0026693060614811064
778,0.9990666889576924
779,0.9893853157045136
780,0.08667159406001931
781,0.9999549110581816
782,0.005950992360115217
783,0.9954822525664299
784,0.9972956980086556
785,0.7315444168140306
786,6.586692008801954e-05
787,0.002658751477388463
788,0.9992826124420083
789,4.367332743231742e-05
790,0.9994011852518437
791,0.9982304057273678
792,0.28227728757757037
793,0.9999612558799367
794,4.912666049365389e-06
795,0.003354330471614655
796,0.999676806105318
797,0.00017404121828365306
798,4.8845312867997125e-05
799,0.9776582890734643
800,0.9972677636592898
801,7.349332226627121e-07
802,0.0018788442556588647
803,0.6878467145065184
804,0.9992595837825193
805,0.14420800314592824
806,0.008896102820780325
807,0.015403033775659351
808,0.9976744723214612
809,0.9999352415322924
810,0.9995674132076756
811,0.9997841101300589
812,2.32279728393529e-05
813,0.11269352158821169
814,0.040088084229124715
815,8.668191024222929e-07
816,0.9518568257012007
817,0.9990951393339946
818,0.002844246655703944
819,0.020611052072810065
820,0.9850011303493351
821,0.9989546799019935
822,0.08641689874680056
823,2.630437767812145e-05
824,0.00012882325039785268
825,0.002857060504776908
826,0.9999781337576031
827,0.9876218479630912
828,0.9682564510712364
829,2.4516195954897513e-08
830,0.01646606965207982
831,0.885619582914731
832,0.2931968179583165
833,0.9188473521444088
834,0.9995671304657188
835,0.9995259861352455
836,0.9999976774592404
837,0.9937018969647516
838,2.2030231038418354e-05
839,0.013490057217233337
840,0.9998960076616581
841,6.948696201113359e-05
842,2.542281238486037e-06
843,0.9999941436914388
844,0.9948714571605046
845,3.387503436766705e-05
846,9.930961252978134e-05
847,0.9789782337040874
848,0.021168190153024263
849,1.81217787089296e-07
850,0.053113978929246956
851,0.11924005229302453
852,0.9980956930641444
853,0.9201373861023012
854,5.8508799759997536e-05
855,8.27715409275491e-05
856,0.17199856959714271
857,0.00031350917196203533
858,0.04206565044702812
859,0.9915273611680762
860,0.9964352414881447
861,0.9421207660824849
862,2.400863427153705e-06
863,0.0008837132227083836
864,0.0024616961033802247
865,0.0004913830691043951
866,0.004968298816791866
867,0.998641908720569
868,0.06613381298839104
869,0.9975719685228045
870,0.056729694642856744
871,0.9946221927092355
872,0.9998161672391265
873,0.9997310670165276
874,4.69691689899221e-05
875,1.0431897858610674e-06
876,0.9999962965878716
877,0.9901645805585892
878,0.0009838428802514353
879,0.9994490740948596
880,0.025118939949133046
881,5.089391787459725e-05
882,0.9999965010481439
883,0.9999729377144794
884,0.9945494713559153
885,0.645156823336815
886,0.9999730059493224
887,0.0007860666613698995
888,0.970291239103167
889,0.9993090888233249
890,0.9939118196580483
891,0.9997716261830835
892,5.796534975117431e-06
893,0.9999009319452453
894,0.7649860720807052
895,0.9990824773071094
896,0.051214111540970705
897,7.085479169388097e-06
898,0.007437396880175421
899,0.0024744977442055665
900,0.999876934500556
901,0.00014577601380150992
902,0.9720891903504612
903,0.00014157107013743476
904,0.035464797558313894
905,0.9240385845864363
906,0.9181034335411727
907,0.09378703247467449
908,0.9992882053242196
909,3.65962455174479e-05
910,0.021853606677973304
911,0.999914620869948
912,0.9991121893386331
913,0.0011007051133632645
914,0.016108720262191352
915,0.0005861047587991495
916,0.9996548454494811
917,0.9917676853321644
918,3.608564745110167e-05
919,0.8858556674944835
920,0.00019790645470705665
921,0.0001474595498910269
922,0.9963747255811986
923,8.49292193149632e-07
924,0.9998457493711627
925,0.9999793054072484
926,0.999860275167136
927,0.055824029926291645
928,0.9221949246597932
929,0.0005053187508676263
930,0.9999665536648589
931,0.0013879919416191129
932,2.555398558246945e-07
933,0.9970292846671343
934,5.804723498195711e-08
935,0.005591021529620112
936,0.9979785361951786
937,0.9999997887911949
938,0.003948910598251586
939,0.9990299605727072
940,0.9996267264722417
941,0.9533109224861847
942,0.009512606888211846
943,0.9948315225069357
944,0.9997692372352803
945,0.9988885256506759
946,0.997210937322786
947,0.10234830294860604
948,0.9408883272748573
949,0.9977623194820804
950,0.019817025005019674
951,0.9988357754117452
952,0.990432205817318
953,0.9923507881415906
954,0.99629022683684
955,0.00771750245535945
956,0.0002517399415761016
957,0.973420831892147
958,0.9967270729601081
959,0.9992960966449856
960,0.00014371449764195098
961,0.9999497090304198
962,0.9999833296766429
963,0.9976048296331086
964,0.8925249255445619
965,0.012861239932486957
966,0.036797819995988926
967,0.002677195549773493
968,0.023188508594403582
969,0.6975993839355288
970,0.5677667700192062
971,0.9999743490567551
972,1.2075735850959444e-05
973,0.931511509028384
974,9.377849212015255e-09
975,0.022776317611660643
976,0.00023424944008705408
977,0.004973608659084596
978,0.010073429032632707
979,0.9973252928047665
980,0.9981776433124615
981,0.9441549999170707
982,0.9997209291358411
983,0.04611633200587557
984,0.0007400501418347915
985,0.9992863860696317
986,0.9367379825140243
987,0.16326310693436955
988,0.9687319690799684
989,0.9999991915234455
990,0.0002581136772832394
991,0.9995017499537838
992,0.9922905802925953
993,0.20127166618497416
994,0.999995676785468
995,0.0029867297045805654
996,0.9913346747331355
997,0.00018777000163056463
998,0.9955581187618174
999,1.948866718479546e-06
1000,0.008779638863350354
1001,3.880104406633374e-05
1002,0.00031198036579784785
1003,0.37828860398400743
1004,0.49500280393844887
1005,0.4306748524531002
1006,6.450811025555044e-06
1007,0.0011210013602173212
1008,0.9962552798678869
1009,0.07293964133581582
1010,0.0020813031256976993
1011,0.998737581298599
1012,8.345687804835812e-05
1013,6.912749201531307e-07
1014,0.014969866189498344
1015,0.002678270102664025
1016,0.9999745711901259
1017,0.9977000957532156
1018,4.059698027364476e-05
1019,0.995254637153638
1020,0.9984285783872513
1021,0.9999999427750405
1022,0.004935593196848992
1023,0.9999713368432623
1024,5.940705345023477e-10
1025,0.001329922203373398
1026,9.537203202284695e-05
1027,0.005698419358215738
1028,0.9998899517104161
1029,0.00013437990057443253
1030,0.024547798903492533
1031,0.0010166038863358739
1032,0.9862905301290555
1033,0.9970075557734285
1034,0.9972377629780644
1035,0.9874478168632279
1036,0.033566897791223974
1037,0.9986725913103145
1038,0.9969016833393856
1039,0.9899572539606966
1040,0.09035609086323744
1041,0.997398411252724
1042,0.960622786764072
1043,0.89436692681755
1044,0.9995231455886875
1045,0.9739503293211232
1046,0.9981912241222772
1047,0.0007100915501166941
1048,0.004407624343253481
1049,0.9983047853911523
1050,0.9762002649764832
1051,1.6228514778919905e-05
1052,0.8984741309339181
1053,0.9969643209337195
1054,0.0003643249097227232
1055,0.0043744304980635
1056,0.9991925277700537
1057,0.9143050531170732
1058,0.947709078860546
1059,0.9534581856760638
1060,0.9913975698570007
1061,0.00046796055146130583
1062,0.9740634471485408
1063,0.004709785398375791
1064,0.0016501126110238032
1065,0.9840202098843517
1066,0.049971187266614515
1067,0.4046869610858191
1068,0.00028274463304152353
1069,0.9938512811440685
1070,0.9446619244554241
1071,0.9850478833751399
1072,0.000723714668313138
1073,0.9603236845339778
1074,0.010154365098271157
1075,0.9806684900336553
1076,0.04150277252412697
1077,0.9826538785479008
1078,9.67557749446167e-05
1079,0.9999997278665144
1080,4.081194858146987e-05
1081,0.9999328451050313
1082,0.9996912312420484
1083,0.999157639041568
1084,0.9505997351415705
1085,0.9839731114067227
1086,2.6209171858213383e-05
1087,0.001599935858422975
1088,0.9999994216708389
1089,5.112994641575856e-05
1090,0.893724853367937
1091,0.9905368544933547
1092,0.0005359103356360625
1093,5.96845111280877e-05
1094,6.064003020112138e-05
1095,0.02693823488144325
1096,0.9998957231713276
1097,0.007878336806438405
1098,0.9995997679886809
1099,0.552086389775688
1100,0.9624030574006368
1101,0.9977204722041664
1102,0.00017841267354572828
1103,0.00026524629250797847
1104,0.0009264434939086465
1105,0.9900391067608024
1106,0.9999994129213079
1107,0.15226738952241703
1108,0.01154659407579968
1109,0.9996707349161527
1110,0.0004782229225174955
1111,0.00011638510312618788
1112,0.9996457859763773
1113,0.9739672750233206
1114,0.020674748648807
1115,0.00619042963101133
1116,0.0003443660289030822
1117,0.0005382837742701232
1118,0.9935344653769501
1119,0.9988926033962561
1120,0.9203109466372602
1121,0.0015915907035977644
1122,0.9995316439160853
1123,0.0001565086357826575
1124,0.03125293015736851
1125,0.07847068576559081
1126,0.9992668860065523
1127,0.9945894157336651
1128,0.002626583252452398
1129,0.9921071647124522
1130,0.999540710678788
1131,9.998258695197806e-07
1132,0.0008720075248895804
1133,0.029084241251029888
1134,0.8189621026186138
1135,0.0010692979165696072
1136,0.9997996539778473
1137,0.9857089117689706
1138,0.9986928849786341
1139,0.9726735109390879
1140,0.0004215610637876675
1141,0.002651965120613819
1142,0.9994542408147783
1143,0.9943312254383052
1144,0.02608305847089503
1145,0.99859311899974
1146,0.9981448876606821
1147,0.004589072031199765
1148,4.539051687671702e-06
1149,0.9999301476744418
1150,0.9886603926865781
1151,0.9913758516787852
1152,0.999046877257721
1153,0.9974442467377296
1154,0.9999478644560865
1155,0.35143954942284433
1156,0.999999334611305
1157,0.998923509393917
1158,0.0002754437820694684
1159,0.9998884859913768
1160,0.9999793662787344
1161,0.31591295219686016
1162,0.9955660045110541
1163,0.9999999154934769
1164,1.2542807880651406e-06
1165,0.9305563736408614
1166,6.902666119854252e-05
1167,0.9993021261834768
1168,0.999035960651433
1169,0.023805658574631388
1170,0.0028298307832808393
1171,0.008295225448408154
1172,0.9999984060997954
1173,0.001841688486774979
1174,0.20270213252113226
1175,0.9999916743033649
1176,0.47099906833995364
1177,0.9995615128308858
1178,0.996752108823343
1179,0.9997091798924161
1180,0.9906470716686864
1181,0.9983283212164364
1182,1.7284101545405364e-05
1183,0.9990639262021684
1184,0.9999973296342061
1185,7.457297329680703e-05
1186,0.9992546873222314
1187,0.9960169047586659
1188,0.9365234839236003
1189,0.0057637013739503026
1190,6.546822282381824e-06
1191,0.0018637678640722236
1192,0.9970501672326421
1193,0.004914093703280983
1194,2.597589408709753e-05
1195,0.0022178909485461146
1196,0.9989737036507569
1197,0.9999161380814761
1198,9.899154043371596e-05
1199,0.4572589559118456
1200,0.9997830532071597
1201,0.9948739037056291
1202,1.5933573334196953e-05
1203,0.04384706697189376
1204,0.444168616667646
1205,0.9993199603540005
1206,0.022266058417588316
1207,0.001392002110334378
1208,0.9997385920775013
1209,0.9999393001434348
1210,0.05239955672772674
1211,0.014019807976371267
1212,0.00022179649543879265
1213,0.9972335567702884
1214,0.999468609308544
1215,0.9952347923324771
1216,0.8636026281458036
1217,0.00724734275348984
1218,4.81681289996052e-06
1219,0.9999933395064504
1220,0.0031119968039867787
1221,0.00035415757406914543
1222,0.9996608468794116
1223,0.9997002920681323
1224,0.0011733441448213851
1225,0.00011727218588221813
1226,0.9991890001571502
1227,0.00023914663518350663
1228,0.00042876107782910763
1229,0.9999960314066592
1230,0.9994909447155035
1231,7.045364998832562e-06
1232,0.975256837862314
1233,4.0300443122175635e-05
1234,0.9918264657497576
1235,5.803249406467013e-05
1236,0.9980153380207739
1237,0.9946131875340886
1238,0.9992476135231924
1239,0.9929226773625445
1240,0.00686552315040987
1241,0.9998891379597378
1242,0.9999997692594014
1243,0.00014269765609631763
1244,0.003051132496684396
1245,0.9584249802231207
1246,0.9999994931188867
1247,0.9689067996144246
1248,0.9937117565183723
1249,0.999689662032344
1250,0.9554550327230209
1251,0.2546560331692755
1252,0.04597875077039568
1253,2.9899301712796023e-05
1254,0.9976169590524886
1255,0.6949242411390162
1256,0.9643063064538723
1257,0.998048417256881
1258,0.9966623880784311
1259,0.9999782493422865
1260,0.9652482334628454
1261,0.9999998521214623
1262,0.9910278457693203
1263,0.003090853395744965
1264,0.00022730008410006054
1265,0.9987853884788044
1266,0.022641817245369917
1267,0.9969996662196688
1268,2.314837613517047e-05
1269,4.445128522532341e-05
1270,0.20631697545723052
1271,0.9928824103497169
1272,2.587931243275202e-05
1273,0.0003629874463098014
1274,8.079503990856508e-06
1275,0.9981398475560916
1276,0.9997192555414186
1277,0.9998492699556016
1278,0.9999856533006468
1279,0.0027562356510858277
1280,8.240494847451677e-06
1281,0.09968080191134138
1282,0.9999644716877456
1283,0.0005078592066483707
1284,0.3031076987140763
1285,0.9996649854006862
1286,0.9999122311922782
1287,0.012764417104063477
1288,1.4854305963284398e-07
1289,0.003689903868421052
1290,0.9999993684780759
1291,0.9788408146994457
1292,0.0008677250345989131
1293,0.999963341034692
1294,0.99999714951079
1295,0.9999692801407373
1296,0.9999929687127467
1297,0.000263031306937623
1298,0.9994413603233198
1299,0.9977127762168144
1300,0.983300653699031
1301,0.025997119503163746
1302,0.9349131076978422
1303,0.999996095318414
1304,0.005042363115380437
1305,0.004753297987105509
1306,0.06978860836321034
1307,0.0028498767856626702
1308,0.00095847186805431
1309,0.999559854635612
1310,0.9922799906643621
1311,0.9996573625249568
1312,0.004595064822804031
1313,0.8970412351388118
1314,0.999960597569659
1315,6.666935523031987e-05
1316,0.0036546756342963763
1317,0.9995774376532667
1318,0.05335881355688671
1319,0.999993454433172
1320,0.0012279143531445567
1321,0.13392198106184341
1322,0.004565112496128265
1323,0.9902527803266589
1324,0.0018398238163192843
1325,0.9999471871056168
1326,0.0015858207040677077
1327,1.0599664577754956e-09
1328,0.0036216682700723275
1329,0.9999916340013287
1330,0.9779320108057937
1331,0.0017442356715900247
1332,2.6041786741508736e-05
1333,0.0020073358569570187
1334,0.0016403966878106716
1335,0.0006664974418402296
1336,0.13197579053013783
1337,0.001086243412745594
1338,0.9997676524688466
1339,0.999958854018981
1340,0.00015751826506680606
1341,1.901384982709233e-05
1342,0.9969933904398004
1343,0.9999989270400781
1344,0.006375143978409456
1345,1.4624272219775609e-05
1346,0.9999408205822091
1347,0.9780348150011635
1348,2.0539827624362195e-08
1349,0.9884643786684467
1350,0.9988049040984969
1351,0.9999315367912314
1352,0.0036000433873797795
1353,6.319064765761219e-05
1354,2.2036077326448923e-07
1355,0.0007824579445264876
1356,0.9995453605240388
1357,4.598321527911796e-09
1358,5.436556002596901e-07
1359,0.9962629979377082
1360,0.9990809250583534
1361,0.9777897863235702
1362,0.9998750359078739
1363,0.0002555344198492644
1364,0.000167914399084416
1365,0.7569400723898595
1366,0.9999959666284366
1367,0.998960623667529
1368,2.3936402937715955e-05
1369,4.4517338846456845e-06
1370,0.0007466396506912269
1371,0.0007475604813159483
1372,0.9999531791742233
1373,0.006044406508773631
1374,0.0002731778375002046
1375,0.00706113472896659
1376,0.9934429499166665
1377,0.9999999914686902
1378,0.058367084631005664
1379,2.0012750896582053e-05
1380,0.006992923005044564
1381,0.9998802712931084
1382,0.999359117185215
1383,0.9989129254755073
1384,0.00016610509771376817
1385,0.9994887023123047
1386,8.230869096820618e-07
1387,0.006561713329883651
1388,4.911710575750639e-05
1389,0.0011641792210092118
1390,0.0015221841327630766
1391,0.9982821624173571
1392,0.9994063213018237
1393,7.276260551186814e-05
1394,0.995086650973799
1395,0.010190698964906425
1396,0.9954749521401202
1397,0.9995784438403535
1398,0.9949674722308444
1399,0.9760990650186699
1400,6.817759110756443e-05
1401,0.9994963398481252
1402,0.9999545556871473
1403,0.9980438691628438
1404,4.003580494834959e-05
1405,0.9866452827041474
1406,0.9881726577176492
1407,0.9996319880688278
1408,0.3586473721192899
1409,8.59864227199927e-05
1410,0.002135283617311859
1411,0.9975383537104857
1412,0.5135238779322621
1413,0.9966428873919395
1414,0.008039613674597863
1415,0.08675512817991439
1416,0.9997868711097833
1417,0.9828019069895504
1418,0.4917592934033875
1419,0.9996294815433296
1420,0.0029876787757758382
1421,0.08363121710756899
1422,0.0001505528358692366
1423,0.06186536248912919
1424,0.9999399326636882
1425,1.758877632967923e-05
1426,0.9994339009150145
1427,0.9562041061658542
1428,1.514445521950668e-06
1429,0.999945712847675
1430,0.00030479252931735765
1431,0.9980592730172893
1432,0.006034804697348308
1433,0.9712656751327945
1434,0.00011916918481781375
1435,0.009853538434725811
1436,0.9868283505862063
1437,5.184353535559909e-05
1438,0.9975776816797535
1439,0.9998293400693354
1440,4.3068750255317645e-05
1441,0.9996172703683006
1442,0.0012528598219158267
1443,0.0029992115610097017
1444,5.5815770644837726e-06
1445,0.003688841786170917
1446,0.9741764894479601
1447,0.003442988977564903
1448,7.167115928104186e-05
1449,4.319006832825917e-05
1450,0.9940739615145806
1451,1.3361706899595982e-06
1452,5.9289917872663225e-05
1453,0.9768077127517979
1454,0.9992310844752609
1455,6.552669935685359e-08
1456,0.02645619808805519
1457,0.0006368371893157869
1458,7.710938045961313e-08
1459,9.250021195738203e-07
1460,0.027661659916412024
1461,6.963947257809705e-08
1462,1.638953607065608e-05
1463,0.9865909596355611
1464,0.9998836746800662
1465,0.9992028966443847
1466,0.0016029500121323562
1467,0.030002795652296237
1468,0.008527642280431626
1469,0.9966928852584457
1470,0.9998940178120934
1471,0.9990889908592743
1472,0.9999967743319762
1473,0.00029599602264890253
1474,0.9999995900144436
1475,0.9968248662433359
1476,0.00017723161438594788
1477,0.018206049193592755
1478,9.872507809433039e-05
1479,0.999645066129446
1480,0.9961740662529183
1481,0.9977728179894055
1482,0.03516731264827674
1483,0.9999828402883636
1484,0.03617120827236625
1485,0.0008006728786732533
1486,0.9998297619709942
1487,0.9071199886433069
1488,0.9995286584675782
1489,0.10880714515698771
1490,3.3926932645903676e-05
1491,0.003966749113448126
1492,0.999986725725038
1493,0.9997083328027064
1494,0.0017995972061946928
1495,0.999869423202756
1496,0.00023927638288848613
1497,0.997917461072994
1498,0.9991150878488407
1499,0.0037412238207781843
1500,0.9999967841226376
1501,0.24029893443186057
1502,0.9952858032386714
1503,0.012953821596140457
1504,0.989665137764669
1505,0.003030359654231441
1506,1.935689848605805e-05
1507,0.9526272446026464
1508,0.4770923703071809
1509,3.1839966683288873e-06
1510,0.9948964857114507
1511,0.00047547075800755194
1512,0.9980324365373253
1513,2.83540239821147e-06
1514,3.64377441899076e-06
1515,0.5616671382431517
1516,0.32798218359069725
1517,4.404376618343611e-08
1518,0.617061850122595
1519,0.9999919795470439
1520,0.9999808458888364
1521,0.9956305523307768
1522,0.01424506405068966
1523,0.0005265072595077725
1524,0.9710431394391787
1525,0.9991089303574688
1526,0.9359409738778456
1527,0.13714238010951868
1528,0.9991205270135535
1529,0.002701207629557254
1530,0.956756642366105
1531,0.006422012637311297
1532,0.01475593836288011
1533,0.0011313679635437013
1534,0.99796409791214
1535,0.9923479424971584
1536,0.9999398467049664
1537,0.9997753411897666
1538,0.003691384311083169
1539,0.0005745920236325413
1540,0.9977917508073372
1541,0.012222634442366783
1542,0.04635401457754757
1543,0.09364239532503128
1544,0.9999460873230684
1545,0.9999909341808182
1546,0.9644924762731008
1547,0.0007740124578273025
1548,0.9998797537848283
1549,0.9985798611662318
1550,0.9999534881496556
1551,0.999715026741538
1552,0.9926036042551184
1553,0.9678097720803057
1554,5.733618247869586e-05
1555,0.014403071197486326
1556,0.0013349233671549503
1557,0.007176685677509199
1558,0.9998423404087086
1559,8.42819362146099e-05
1560,5.905850605461685e-07
1561,0.9971440399083257
1562,0.9858892422993629
1563,0.9905646339165436
1564,0.8579591761903482
1565,0.9785130640291284
1566,0.9962267241733997
1567,0.9990806282304732
1568,5.10632214984202e-05
1569,0.03313117410429236
1570,0.9894917320353118
1571,0.9996203469406779
1572,0.0026743424799808195
1573,0.28340538763904766
1574,1.3724419608625848e-06
1575,0.9999966784429752
1576,1.4183155702072107e-06
1577,0.9879106443960606
1578,0.9993728007326602
1579,0.003622305965189151
1580,0.099107895176265
1581,0.9999367357109811
1582,0.016580167488276423
1583,0.9959878172223195
1584,0.9325802379924745
1585,0.7252003786409168
1586,0.0001005362248696461
1587,0.00949222497735121
1588,0.9999341886881729
1589,0.7905746408278221
1590,0.9721580619893333
1591,0.8602196060969233
1592,0.0009934013014851809
1593,0.9861936091713438
1594,0.00020071000900227974
1595,0.0084520179197863
1596,0.016161597400472908
1597,0.10546374552269665
1598,0.0010073295756027718
1599,0.0018984547803664214
1600,0.9816413506645811
1601,0.03002344718646331
1602,0.9976815311908261
1603,0.0032187725417343123
1604,0.3126248018560229
1605,0.999861714315012
1606,0.0012253795760566752
1607,4.891406244795221e-06
1608,7.189827232929636e-05
1609,0.999388935861786
1610,0.9741500794842015
1611,0.9996702153022975
1612,2.806672321041418e-06
1613,0.9972047535534786
1614,0.9982987670533883
1615,0.004034375310167984
1616,0.1227642254052134
1617,0.0018003438636535422
1618,0.0028359021341861504
1619,0.8359961029139583
1620,0.07261881605519012
1621,0.0001305394209368107
1622,0.8229193962878214
1623,0.9999995701383788
1624,0.9999965237659224
1625,1.5308678642610108e-06
1626,0.9970367493283863
1627,0.0755502843787905
1628,0.00028301285317621264
1629,0.9996505409119884
1630,0.9999894554604217
1631,0.9992299258112257
1632,0.002620542135979522
1633,8.323147085586431e-05
1634,0.009504857041705679
1635,0.005902440397705813
1636,0.8657148203682413
1637,0.893963722429079
1638,0.9950608330809713
1639,0.9964501934636959
1640,0.999678287717804
1641,0.0031716547139760427
1642,0.7752545595873099
1643,0.9977358998289714
1644,0.9998231411239943
1645,5.120320302158137e-06
1646,0.943177846368612
1647,0.9995230752350555
1648,0.9997921199340323
1649,0.999887698765062
1650,0.0025178845524008705
1651,0.9773905108706246
1652,0.0029657303535456417
1653,0.0035246846811368016
1654,0.042066400403792274
1655,0.09944777620050299
1656,3.914064213301962e-06
1657,0.9999329534029119
1658,0.9992112092748092
1659,0.0034706939356821008
1660,0.8406540504345262
1661,0.9806575703375234
1662,0.9927079294580037
1663,2.031972480088485e-05
1664,0.00453557072694644
1665,0.0045785950016481265
1666,0.9418225415846596
1667,0.9940111299108388
1668,0.0036761001341510734
1669,0.0037167311253877905
1670,3.694498567901109e-05
1671,0.9999972748259137
1672,2.6816063308565234e-05
1673,0.9994489115826334
1674,0.9999767767968077
1675,0.09343308913778935
1676,3.280849833111041e-05
1677,0.9927619342140591
1678,0.9043539885606694
1679,0.02435737125150737
1680,0.005739652367821879
1681,1.787710929005018e-08
1682,0.9910588111127042
1683,2.3919468138983832e-05
1684,0.998452852370222
1685,0.00252050670282158
1686,0.9992265907354099
1687,0.9762117812366586
1688,0.9911783919326366
1689,0.9992700725723791
1690,0.9960797427068895
1691,0.00893322650074878
1692,6.029104649302465e-06
1693,0.9999869127986841
1694,0.0008904746482174464
1695,0.9790208563671876
1696,0.9939804060300842
1697,0.6987813833378242
1698,0.0008410492671081534
1699,0.001079339525571439
1700,0.9959699721879249
1701,0.9689608401409996
1702,5.642671633878123e-07
1703,0.9927968104741898
1704,0.9967522076246281
1705,1.8127580787653272e-05
1706,0.9943090052563568
1707,0.002056314670736559
1708,0.9078941676458144
1709,0.9992339985769191
1710,0.9240074842426035
1711,0.9999992666842952
1712,0.007703639918755311
1713,0.0009455300688305513
1714,0.8335941444180256
1715,0.9987583242420754
1716,0.00015153038166995937
1717,0.0002557415999876854
1718,1.4369116311764664e-05
1719,9.923979110963165e-05
1720,0.9994615218784773
1721,0.0016029559366249634
1722,0.9955221663806891
1723,0.9998081990308495
1724,0.9997024474184363
1725,6.471712299127501e-05
1726,0.9984730316225583
1727,0.9999800307972797
1728,0.0006185396270098794
1729,0.0017752288184628708
1730,0.9767302584150527
1731,0.9965962554532571
1732,0.9999740537153518
1733,1.0378935928133527e-05
1734,0.0019589306365432545
1735,0.9989017753927595
1736,0.1356588631944262
1737,0.14247094785394596
1738,0.006847365758423604
1739,0.9970188417413455
1740,0.9999984036260929
1741,0.7255087834741476
1742,0.9999994329715365
1743,0.0013696850289961022
1744,0.0008135109868562248
1745,0.9862337704746528
1746,0.9997396765085166
1747,0.30489776557207204
1748,7.011040275481751e-05
1749,0.9372370620024559
1750,0.9905202081430423
1751,0.004826568913923906
1752,0.9825054552417336
1753,0.0006578139218225373
1754,0.0013842572661245786
1755,0.9981604849258773
1756,0.9998697093106526
1757,0.00693776613280058
1758,0.9602136538341804
1759,0.001336219097264247
1760,0.9823875306715446
1761,0.0028617564079630483
1762,0.0005707432018701785
1763,0.9976672779093105
1764,0.9961000621502724
1765,0.999782519040874
1766,0.9999856447712965
1767,9.163525165724204e-05
1768,0.0011029604560598954
1769,0.9976573888482879
1770,0.002672321652924749
1771,0.7911838263661236
1772,0.9996054557852238
1773,0.004803588257617028
1774,3.7450841243950526e-05
1775,0.7269001259522408
1776,0.9156382974380728
1777,3.51244343849702e-05
1778,0.0015324456530276885
1779,4.722399577183814e-05
1780,8.039563952241413e-06
1781,0.03971160287156833
1782,0.00016528112397221453
1783,0.48997778492508687
1784,0.002379470045915672
1785,0.0001534795889772476
1786,7.160362439258398e-05
1787,0.9893450124257559
1788,0.0002648169061865746
1789,0.9999952911927315
1790,0.8309691026291117
1791,0.0015596400808396815
1792,0.9657391498615469
1793,0.9958588613617799
1794,0.9996609495750519
1795,0.9991512538355838
1796,0.0004542183318782321
1797,6.199161915369443e-07
1798,0.003743650392414663
1799,0.9752648212805546
1800,0.0006914575645287835
1801,0.9992215442900336
1802,0.9999859271109947
1803,3.105483575976524e-05
1804,0.001698284266823061
1805,0.11842502168759313
1806,0.01255577822279211
1807,0.9997265217664821
1808,2.0297907875359992e-05
1809,4.3592729461139264e-05
1810,0.006334304062090453
1811,4.95184921619632e-05
1812,0.9996772466171022
1813,0.00324360582939668
1814,0.0001369571732115546
1815,0.008399844677490834
1816,0.006694710572966695
1817,0.9220956341691415
1818,0.9998707186668904
1819,0.9998407063335999
1820,2.6304774198401614e-06
1821,0.9999869796191619
1822,0.991126122231715
1823,0.06361578316071076
1824,0.022416686978574917
1825,0.00047396028902747453
1826,0.01288134558522969
1827,1.6002183763454788e-05
1828,0.011091463146014984
1829,0.9960640064257074
1830,0.9352811453195738
1831,0.9892347898143955
1832,0.9999949200607327
1833,0.9672188057528779
1834,0.9470495910551506
1835,0.8911234453735567
1836,2.3353206925085637e-06
1837,0.004962956367895705
1838,2.8341898788017206e-07
1839,1.6898683043304205e-08
1840,1.897832463079017e-06
1841,4.87640526467443e-05
1842,0.999916980606937
1843,0.8916911842730672
1844,0.9851855355672162
1845,0.012999186983407709
1846,4.808852438488482e-06
1847,0.9989102025314033
1848,4.3341001596462915e-05
1849,0.9132761568213266
1850,0.9973225715087809
1851,0.9996131048247165
1852,3.711532675982893e-05
1853,0.8762516705229563
1854,4.793190087030578e-07
1855,0.9934412744419536
1856,0.17575882350114502
1857,0.00017849831190697868
1858,0.9994585618573423
1859,0.001611080102747526
1860,0.043163874965213705
1861,0.9960379594232227
1862,0.012912722744827475
1863,0.39350916684527826
1864,1.4600883905261605e-05
1865,0.2578981684842805
1866,0.998044663734378
1867,0.9289955442866833
1868,0.002300257176523228
1869,0.9990565922410239
1870,0.010994922017985286
1871,0.9998866631237335
1872,0.005919708472858963
1873,0.0005511525291144996
1874,0.003498011214678038
1875,0.9749035034701397
1876,0.0007596320338477618
1877,0.01561262252727509
1878,2.8072874552941505e-06
1879,0.007169364629358163
1880,0.06817050817194696
1881,0.9981935734356218
1882,0.002006035420930397
1883,0.0016088560512576078
1884,0.001059403290473526
1885,0.04849079403213066
1886,0.9989557254935849
1887,0.0012385981036010757
1888,0.0012768887491273373
1889,0.4584225590126737
1890,0.9992947565129232
1891,4.7387357800175886e-05
1892,0.9993416939548755
1893,0.022740603163241814
1894,0.9999850407856317
1895,4.533902262142626e-07
1896,0.0001338580392054638
1897,0.9994496602457419
1898,0.9999976158434715
1899,0.9976263533422627
1900,0.9416697733152084
1901,0.9801499232776656
1902,0.9999366428494079
1903,0.999984756570713
1904,0.6343273543112516
1905,0.9863948139601983
1906,0.0004283934367049303
1907,0.18652510275813744
1908,0.9863269050559472
1909,0.9964056154464889
1910,0.0002765703697630038
1911,0.049994630779202846
1912,0.1893581661466425
1913,0.9972844274726808
1914,0.9998142398027317
1915,0.010675625787064373
1916,0.9985190395400596
1917,0.0029156072379233075
1918,0.0064291218633748684
1919,0.0661055082350627
1920,0.9999521199963741
1921,0.9999853300937692
1922,0.9326901566941797
1923,3.175274497356122e-06
1924,0.015519413392664895
1925,0.0010417048523429914
1926,0.9992747465797546
1927,0.9999553595108178
1928,0.0050593977086316015
1929,0.016466323726307113
1930,0.0011651581715340208
1931,7.62026780765083e-07
1932,9.856711675886078e-05
1933,0.9986235810624957
1934,0.01741391271549675
1935,0.011244190528963721
1936,0.9574997209166387
1937,5.2648577370638856e-05
1938,0.0037902918789700394
1939,0.0309099616483224
1940,0.999629719314904
1941,0.9995986223351737
1942,0.9994442360445255
1943,0.9863742484407295
1944,0.9926396087846744
1945,0.9999947506812852
1946,0.9938324100260029
1947,1.8833633521290036e-06
1948,0.9929299708910206
1949,0.9996496476834185
1950,0.9619124820963675
1951,0.9999298407735536
1952,0.9998241253451782
1953,0.998273068285553
1954,5.7729821904943514e-05
1955,0.999917154430524
1956,0.002400966360639327
1957,0.5355384582766041
1958,0.1105849614225236
1959,0.0009535002879493315
1960,0.0025332740890544824
1961,0.00020266411547193306
1962,0.004315838986356829
1963,0.997716709073492
1964,0.9999036287992171
1965,0.14614343690525994
1966,0.005456575786442386
1967,0.006159238270442786
1968,0.9996793970242019
1969,6.5057560047312144e-06
1970,0.00013848634159316277
1971,0.8607766709556334
1972,0.00010312627674019885
1973,3.364227287946103e-05
1974,0.011589774731212211
1975,0.0815997725322382
1976,0.0028674123819123205
1977,0.8174720573332591
1978,0.09442882278464662
1979,0.5971043357198138
1980,0.8116907177874776
1981,0.0018421483617265262
1982,1.6279228239584138e-05
1983,2.4272162038734014e-05
1984,6.635536386958711e-07
1985,9.251606507372807e-08
1986,0.0007073870953990495
1987,4.187988729666758e-06
1988,7.412286960873952e-05
1989,4.8672526041354964e-05
1990,0.013758348646818358
1991,0.9993498127229925
1992,0.999678111309898
1993,0.9999532779915751
1994,0.005137708510579333
1995,0.9000201154377845
1996,9.626605997006902e-07
1997,0.006997587725446889
1998,0.010572524613369381
1999,0.9983744117467435
2000,0.9999994273238759
2001,0.001231101280763286
2002,0.9801584510244871
2003,2.452944414000747e-05
2004,0.9999995277468484
2005,0.9998987091906345
2006,0.49362324043566647
2007,0.04782362153369668
2008,4.554834218847303e-06
2009,0.010236293516527913
2010,0.0004419418171329535
2011,0.9997839727307624
2012,0.4259022783261616
2013,0.9915996982583489
2014,0.9962155577120354
2015,0.9603060754264494
2016,0.0017217349732534396
2017,1.5961141371221873e-05
2018,0.9971790601398108
2019,0.9944622727116534
2020,0.003289959516216318
2021,0.7442889326505873
2022,0.0005958281973935976
2023,0.9973291592086794
2024,0.08030711243433047
2025,0.9990457509989666
2026,0.9975239184787668
2027,0.9071402172750608
2028,1.1685730589455894e-05
2029,0.9982028786633836
2030,0.9857684002645423
2031,0.07993329073020843
2032,0.9991261728367995
2033,0.9978594916673365
2034,3.647269977065035e-05
2035,0.00013678700078031535
2036,0.8686201109694961
2037,0.9988971236308487
2038,0.9991412485758653
2039,0.008428701006989966
2040,0.0027082378842994146
2041,0.998169722570897
2042,0.9996426991887518
2043,3.057902039326818e-07
2044,0.9990790438726289
2045,7.5821859658798875e-06
2046,2.8889757398491524e-05
2047,0.0021838407474600225
2048,0.669507973872425
2049,0.9998421358148252
2050,0.0018386329271209568
2051,0.0013353114748539208
2052,0.010901107140202974
2053,6.742343242024042e-05
2054,0.000535468000643118
2055,0.0008866596823159962
2056,1.4247393516913328e-06
2057,0.9616007011927565
2058,4.8595415878949504e-06
2059,0.9999468121501691
2060,0.0059202353920649025
2061,0.9942959376147388
2062,0.9999992312405547
2063,0.0004145190988222851
2064,0.010727200417157006
2065,0.6314385357415494
2066,0.003921935155430074
2067,0.9992685201486545
2068,0.9998505743041843
2069,0.001179391392221002
2070,0.9836932400748023
2071,0.18285560372365192
2072,0.41535960384671183
2073,0.008992156026345934
2074,0.7708437101171626
2075,0.9990019186612922
2076,0.0007216801077913213
2077,0.8720009231531834
2078,0.9984076181581136
2079,0.016365049275329124
2080,0.0015430937913700382
2081,0.003895296290138469
2082,0.00017197193797778494
2083,0.9882529789705655
2084,0.9998983762601763
2085,0.0001299299628986294
2086,0.0011516100494123026
2087,0.9568055338818592
2088,0.9998046320818972
2089,2.6678948522144927e-06
2090,0.994702088826828
2091,0.9945553719383046
2092,0.9918016875796398
2093,0.028301046997948838
2094,0.10410448882603328
2095,0.9972319814806829
2096,0.5178159928896118
2097,0.0002807570537178368
2098,0.9982356430293802
2099,0.10962699136975237
2100,0.9960327652091152
2101,0.005772349590321487
2102,0.9999980421459231
2103,0.005205424183767013
2104,0.05233029317238573
2105,0.06485312650232539
2106,0.990525945046719
2107,0.9998371839415654
2108,0.9999950963349651
2109,0.993401545755073
2110,0.0004816048159509294
2111,0.03490146978462762
2112,0.9998740849978648
2113,0.0021244434423294497
2114,0.9773527484181246
2115,0.0001210381242393227
2116,6.489543674942182e-05
2117,5.395799856669427e-06
2118,0.0005126411937504456
2119,0.9999240444824328
2120,0.0006186717680812862
2121,0.009105216313614996
2122,0.9997945969941687
2123,0.999818271038111
2124,0.9043216224572358
2125,0.0006866623504063949
2126,0.0061965294729398055
2127,2.3776725232030415e-06
2128,0.02735783772766935
2129,2.4278750639686233e-05
2130,0.01518100609348408
2131,0.833948441193652
2132,0.0037476199550318815
2133,0.9999998134379925
2134,0.999646839880458
2135,0.0033023830670203523
2136,0.9987125447065122
2137,0.9995063684964629
2138,0.998816870599176
2139,0.9999599435647231
2140,0.9889636502024709
2141,0.9861911320947904
2142,0.9539993108775895
2143,0.003629981687779886
2144,0.9998287897215692
2145,0.9503332789453114
2146,0.8935508783907224
2147,0.023039013300321248
2148,0.9995845071564872
2149,4.6579263409768914e-05
2150,0.9999206425433594
2151,0.999263440068946
2152,0.9908779433884938
2153,0.8613790755061904
2154,0.9999979163650842
2155,0.0056928030244090926
2156,0.0033808852261139827
2157,1.1816199437891811e-05
2158,7.002003138191382e-06
2159,0.04493308730640297
2160,0.9474441222265086
2161,0.17233141009076225
2162,0.9999180784193324
2163,0.9990940817407976
2164,0.9995602024522743
2165,0.9989907283458692
2166,0.9971609596405011
2167,0.9999987379958443
2168,0.002650627561733857
2169,2.785363952955553e-09
2170,0.004703661287119774
2171,0.998225195073486
2172,0.9999541131426675
2173,0.00043388966584885627
2174,0.9999946241599853
2175,3.623086371491382e-05
2176,0.9636577730745237
2177,0.051162706464398626
2178,0.0011645397832414973
2179,0.9994708902642759
2180,0.9999850588821892
2181,0.007442523660440484
2182,0.880598757031403
2183,0.015957608949908577
2184,0.999188335006147
2185,0.021885859924160516
2186,1.5479180394575142e-09
2187,0.9992988110303528
2188,0.9966223702217805
2189,0.9677834631709107
2190,0.9898643209014497
2191,0.698070657712325
2192,0.9992724544154115
2193,2.3878461909177355e-06
2194,0.9985787810453322
2195,0.03988781602605109
2196,0.28470320374051516
2197,0.9761309691678497
2198,0.9999881571535396
2199,2.4183597938568798e-05
2200,0.999436736719784
2201,0.9997775053138269
2202,0.9999890412329531
2203,0.0003789254719287031
2204,0.002608202226538967
2205,0.9999438014534807
2206,0.9999715036957558
2207,0.006852111713594907
2208,0.9996470429746438
2209,0.681527804142332
2210,0.0004719020105540722
2211,0.0003217496740021792
2212,0.9870883521386264
2213,0.014492142133707728
2214,0.007855318357145391
2215,0.9031903595558135
2216,0.9998515595197618
2217,0.9936127992552295
2218,0.8561790854545871
2219,0.21868891553677125
2220,0.5882503548369199
2221,0.8118706894240101
2222,0.9999709571995964
2223,0.9997663990126441
2224,0.00025767784601075184
2225,0.952256641330432
2226,0.99985966288146
2227,0.9984506536971387
2228,0.9965840253158267
2229,0.9934819262533414
2230,0.0010088498091969625
2231,0.0021146073942150453
2232,0.12272812197663634
2233,0.02943280217168208
2234,0.0372243122491612
2235,0.9994102332319722
2236,0.9382704771994765
2237,0.001041053160362912
2238,0.9981422312145203
2239,0.001410006088120914
2240,0.9994687359823899
2241,0.9999996015212211
2242,0.9986243231061269
2243,0.0006515613508479962
2244,0.9998093440239817
2245,0.00024519857861607033
2246,6.490475601138247e-05
2247,0.9999114120786169
2248,5.61612273554048e-05
2249,9.249487753548311e-05
2250,0.00033560152619210257
2251,0.9993722911708125
2252,0.99371203059527
2253,0.010528527543526766
2254,4.5632525542540916e-05
2255,0.9998655987888804
2256,0.9992998648537139
2257,0.129787015456662
2258,0.973144815609378
2259,0.014073303139760131
2260,0.9999952502507676
2261,0.001752362593440738
2262,0.00046424805132716724
2263,0.9853199424370798
2264,0.9959309074419146
2265,0.9941742874590112
2266,4.137452944702992e-05
2267,0.18648265652370788
2268,0.09050821953946096
2269,0.9998672283352059
2270,1.005237478137129e-06
2271,0.4349854013134378
2272,0.03350435130856689
2273,0.813157276645386
2274,0.0008010006096245021
2275,0.9982154463675778
2276,0.0001243634665322712
2277,0.13214267951445596
2278,5.086455123172123e-06
2279,0.969795014238256
2280,0.9785042280341527
2281,3.468692841679749e-05
2282,6.732651425699213e-05
2283,8.766396096589081e-05
2284,0.00044662541181921054
2285,0.005929286296038237
2286,0.99999854272418
2287,0.9877811536628032
2288,0.003679036419543081
2289,0.9999810913186856
2290,0.0006398647239234241
2291,0.9988734761871929
2292,0.9983841890320375
2293,0.9987198255778637
2294,0.0010495992557087706
2295,0.9752791527990995
2296,8.007950464100037e-07
2297,0.9978024416497612
2298,0.0198984264033774
2299,0.007034211053951457
2300,0.1634229802550644
2301,0.9999881814042725
2302,0.9532671582359014
2303,0.9999205138575964
2304,0.0004127625233589712
2305,0.7825820278418841
2306,0.9996768538422283
2307,0.027719807002076654
2308,0.0020656523790819068
2309,0.9611103719335718
2310,0.0001831569006323862
2311,0.9696677105034935
2312,0.9963303229976681
2313,0.9998740918495136
2314,0.9473773639947748
2315,0.00027638771951192135
2316,0.004634078407116125
2317,0.9999914581923554
2318,0.9823111348258609
2319,0.1388689561150046
2320,0.00010169493481403889
2321,0.9715826602036338
2322,0.008234271119740769
2323,0.0005730569430578721
2324,0.00022616592006998834
2325,0.0011248117103629094
2326,0.9648519158791637
2327,2.8255181519073372e-05
2328,0.8382856075777864
2329,0.0004426104340114506
2330,0.99999120884726
2331,0.999730543610393
2332,0.9987235251615985
2333,0.01022106185575023
2334,0.9932133608449826
2335,0.9983502797936155
2336,0.999193387510146
2337,0.0009445971445085606
2338,0.997702250635259
2339,2.2051340943047625e-05
2340,7.377806962557545e-06
2341,0.07858873086768631
2342,0.00034110543572905995
2343,0.9993250942046912
2344,0.9993604809576747
2345,0.9900488250709093
2346,0.0806752466933972
2347,0.9996330652835066
2348,0.999859357032408
2349,9.960040372656585e-05
2350,0.9818138402837288
2351,0.9996481570108081
2352,2.0151222556712108e-05
2353,0.9997258707746521
2354,0.0007193421073420401
2355,0.18073438019157367
2356,0.0009505663942713223
2357,0.9148436842006638
2358,0.06822075705210506
2359,2.42395283051788e-06
2360,0.9999731340997111
2361,0.9947100247289196
2362,1.8579857787516067e-07
2363,0.0018815434342573654
2364,0.9933246628774289
2365,0.003904734700732545
2366,0.01720032726365285
2367,0.9972657372917485
2368,0.9983108902716489
2369,0.15548579932864576
2370,0.9824017255165396
2371,0.9092051317731015
2372,0.9996565629851574
2373,0.001840853443338398
2374,0.0005663409011841675
2375,0.9944413659377453
2376,0.008937022542765863
2377,0.9360774194837546
2378,0.9999978938270229
2379,0.026347996176301576
2380,0.011457443481127485
2381,0.9970880171622114
2382,0.9994181757412892
2383,0.9998810295300751
2384,0.0013923997137680142
2385,0.9758906330552313
2386,0.004733589666608493
2387,0.9999321110766415
2388,0.9995873701153966
2389,0.01603306178750719
2390,3.2030234869517164e-06
2391,0.005918338357586754
2392,0.010491888953737781
2393,0.9853079010641063
2394,0.9987731913071488
2395,0.0007515805387211734
2396,0.8778110166324915
2397,0.9999962150341141
2398,0.9992332019061527
2399,0.9868297424758815
2400,0.0001942065171979526
2401,4.436020499794425e-05
2402,0.9999988394997293
2403,0.002069899920273443
2404,0.9990435369268563
2405,0.9999312084537798
2406,0.9999717880908018
2407,0.9999971700487987
2408,0.9999005874438889
2409,0.03306058570089895
2410,0.9999023148751486
2411,2.4020239080022032e-05
2412,0.007737283083560714
2413,0.9999865766376718
2414,0.0019260554087975601
2415,0.9986930848787002
2416,0.0030665330729967785
2417,0.8152054400640839
2418,0.04060778758849664
2419,4.570394996231053e-06
2420,0.999630907029931
2421,0.03361525885318089
2422,0.01261615642968044
2423,0.9999615011712405
2424,0.0007340303461841837
2425,0.0024250514205158644
2426,0.9964721517570724
2427,4.21770192893164e-05
2428,0.000214874010915902
2429,0.992101488422824
2430,0.001205706238604351
2431,0.999798671471747
2432,0.9998744959042365
2433,0.010446089133261357
2434,0.983021825774066
2435,0.9989784431087879
2436,0.008186588185366016
2437,0.9999991038893589
2438,0.9998687563613903
2439,0.9997261845548734
2440,0.999956093425806
2441,0.9955899545474366
2442,0.9551978075818967
2443,0.0012011100364639287
2444,0.9999963545209245
2445,4.224499214854249e-06
2446,0.0014850277348775157
2447,0.9998606049848707
2448,0.9942470416531066
2449,0.9890850020498255
2450,8.264038114784279e-05
2451,0.0042596271978970444
2452,0.00032763483383884393
2453,0.9974526873375864
2454,0.0013637597953248038
2455,0.003800923442161185
2456,0.7813617947175551
2457,0.999935498389401
2458,0.7855890062819029
2459,0.24211848074666983
2460,4.868427822186306e-05
2461,0.9996702849320847
2462,0.998758430647916
2463,0.9996996389283647
2464,0.9907766526267345
2465,0.9959510275966592
2466,8.070102727987741e-05
2467,0.09439740570928679
2468,0.9207213502789561
2469,1.6900520937894568e-05
2470,0.9294394372810485
2471,0.999936441244306
2472,0.9550446668560736
2473,1.7582917861273113e-07
2474,0.9999422325371278
2475,0.8426233046415802
2476,0.0484433298802283
2477,0.9709144073486932
2478,0.9990201183018167
2479,0.9965227217546229
2480,0.0006722730629313987
2481,2.822487707933207e-05
2482,0.9999135762703317
2483,0.9967994583485691
2484,1.014458690542412e-05
2485,0.5440442727928283
2486,0.9997556668482428
2487,0.9999001367215739
2488,0.0023320010679995905
2489,0.0004131144704828994
2490,0.9995702244953804
2491,0.9998299054934345
2492,0.0005924987683224482
2493,0.9818678712844162
2494,0.9999436037008178
2495,0.9657064986681885
2496,0.9998049153253635
2497,0.7746820429110313
2498,0.004004851223768576
2499,0.0039581606607910005
2500,0.005342224959593027
2501,0.9994807681205159
2502,0.9999211861567752
2503,0.9945752058509576
2504,0.998733212708457
2505,0.9999999872499538
2506,0.9998966705850183
2507,0.0420572709250313
2508,0.00048369786720587005
2509,0.014706747482596759
2510,0.9998087259207328
2511,0.9990231253394171
2512,0.9689947606684456
2513,0.008147012737690423
2514,0.9998983837645157
2515,0.00040656288557134983
2516,3.6433636584092793e-05
2517,0.9915785901284458
2518,0.9946805796933146
2519,0.00022816009130268217
2520,0.9999454844832031
2521,0.9962267988973358
2522,2.273830438323024e-07
2523,0.9997979338100278
2524,0.006536386158380005
2525,0.0006314310765637356
2526,0.9999959874464595
2527,0.0004806244241030728
2528,0.9671397531046602
2529,0.9995154666244161
2530,0.9999314398486685
2531,0.0013898493945254942
2532,0.9997361032312632
2533,0.9999752577434665
2534,0.9961885859675151
2535,0.9808921202082207
2536,0.9994415516777522
2537,0.00027879225431065054
2538,0.9994629158444757
2539,0.0026417826230283217
2540,0.9994326105400326
2541,0.9990688376395481
2542,0.9963591655770158
2543,0.012488069037121595
2544,0.00034703518067829
2545,0.9999172899106162
2546,0.5371818438145126
2547,0.02232502025887917
2548,0.00015025215790119163
2549,0.9827489561388042
2550,0.005272351034542839
2551,0.965901541886838
2552,0.003141401611202453
2553,0.9971669587431349
2554,1.1259424081578609e-05
2555,0.9950389947894206
2556,7.247124089782e-05
2557,0.0004489127367680528
2558,0.08391000721892593
2559,0.991249814825349
2560,0.00025160503914582966
2561,0.0007533516503995851
2562,0.9950555549166616
2563,0.007767918347033483
2564,0.9999703999701001
2565,1.9821852060216717e-05
2566,0.9872103911994882
2567,2.0109384619319856e-05
2568,0.000480871262782302
2569,0.9938008342790146
2570,4.06945346435751e-05
2571,3.0729136125317456e-05
2572,0.0018980091630040551
2573,0.9991319992200833
2574,0.49570963997545947
2575,0.01967615954414463
2576,0.9974620726907892
2577,0.9998129384495738
2578,0.9572128264013998
2579,0.004225373666081071
2580,0.20898876408857978
2581,0.0022966520998288706
2582,0.9994638542963963
2583,0.9988786541178855
2584,0.000626629323217072
2585,0.99149130594348
2586,0.9935734114397856
2587,0.038336463880208886
2588,0.9975263397933325
2589,0.991423246674693
2590,1.3544403901368419e-05
2591,0.993940977647324
2592,0.9955273003893101
2593,0.9941021749929684
2594,0.9999408761836748
2595,0.9998093834510607
2596,0.9925782903810908
2597,0.5104879047259892
2598,0.996545264186299
2599,0.9998527263599286
2600,0.987415643572678
2601,0.0007657952895558768
2602,0.9986787844237368
2603,0.16538166925544567
2604,0.9993255335571938
2605,0.6557129022206117
2606,0.00014116621345703918
2607,0.9885164425356975
2608,0.09771853546829352
2609,2.582383844484045e-06
2610,0.9999568511889212
2611,0.999946351864697
2612,0.010243542783013041
2613,0.9999970338239023
2614,0.0009640556278818801
2615,0.9979337805678105
2616,0.9998708662987142
2617,0.0034407579547978203
2618,0.995977804186967
2619,0.17800712789944237
2620,0.9759019829520466
2621,0.9999689920901983
2622,0.004410789124321977
2623,0.9991071914532809
2624,0.0012405469408485995
2625,0.9999771244850089
2626,0.000939728408467735
2627,0.9995483560841771
2628,0.999426039176999
2629,0.0010904695050088476
2630,0.9999054754285988
2631,7.223853623497985e-05
2632,0.009068027831780635
2633,0.9999131767710329
2634,0.9999245688668402
2635,0.9999764469980169
2636,0.986420995174737
2637,0.9997209290352578
2638,0.9991387091522215
2639,0.15737974922895298
2640,0.8843065111315467
2641,0.9702649417740798
2642,2.0630059527300877e-06
2643,0.009038770362276932
2644,0.9999983502080971
2645,0.6289154156296886
2646,0.623302460278165
2647,0.8310359911277971
2648,0.0005307653492919273
2649,0.012373128111141976
2650,6.797186759811228e-05
2651,1.1114370409017491e-06
2652,0.0025280090256183415
2653,0.9037970592042283
2654,0.9985116438599316
2655,0.012811907581730663
2656,0.9999563086010305
2657,0.044876293417022976
2658,0.9906930125081342
2659,0.002398482428198562
2660,0.9998227942361454
2661,3.8350169117381556e-10
2662,0.0007081597817655837
2663,0.0001995038115867987
2664,0.002964362011334112
2665,0.9972363754032189
2666,0.0071153112342501774
2667,2.138405651207773e-06
2668,0.006775713932539245
2669,1.4874479228852013e-07
2670,0.9993694643992304
2671,0.9995665741620191
2672,0.9993011834514147
2673,0.9999999393139393
2674,0.999992308807238
2675,0.9999323388647265
2676,0.9654496836263474
2677,0.9996883115690114
2678,5.204684557763186e-06
2679,0.00040203137708921924
2680,0.00031666461059847296
2681,0.9994670538335177
2682,0.07722500936962272
2683,0.5005634437556117
2684,0.9431558394143476
2685,1.705601188495971e-06
2686,5.291567558935896e-06
2687,0.9996064664687103
2688,0.0009925122536784778
2689,0.9989657161416515
2690,0.9970945217167559
2691,0.999185660002383
2692,0.0014282423958064138
2693,0.0027298948601881833
2694,0.9974400033247197
2695,0.9998268921260784
2696,0.10039735820890221
2697,0.9999978957092719
2698,4.6518739246847755e-08
2699,0.9994402912974528
2700,0.0018702388905813651
2701,0.999841830183667
2702,0.3478326559037852
2703,0.9997415357088224
2704,0.00033635401776453705
2705,0.0001625732623852198
2706,0.9998306481712338
2707,0.1387759045111494
2708,0.02607008519898578
2709,0.0015563633498897821
2710,0.0019656666525289792
2711,0.0005886830908390232
2712,0.9998319278362898
2713,5.3610751657696246e-05
2714,8.544738349176959e-07
2715,0.9995242327259888
2716,0.9950833789178607
2717,0.9999575197085325
2718,0.9998874691695129
2719,0.9979773362684756
2720,0.9782987014375057
2721,0.11420178547646108
2722,0.9999807642364168
2723,0.9437427784719584
2724,1.517671953464655e-07
2725,0.012750130191999552
2726,5.944558422412415e-05
2727,6.945988660230793e-07
2728,0.00951485310072667
2729,0.00013634391525552898
2730,1.1449659692004952e-06
2731,0.027687945269967033
2732,0.9999996231369076
2733,0.9800263757277397
2734,0.9995456703940162
2735,0.948573443834214
2736,0.9999997985190969
2737,3.6439509709225184e-06
2738,0.000343666299037744
2739,0.4745173965213219
2740,0.9995078314626292
2741,0.9998477785841948
2742,0.9997279908474725
2743,0.9999966659922538
2744,0.006033372221461824
2745,0.998470104818436
2746,0.00018939098784623645
2747,0.9993600110308997
2748,0.9987794685232796
2749,7.445000398052722e-07
2750,0.9340869852749384
2751,0.9840013540984399
2752,0.008060082767481002
2753,5.2339079361014025e-06
2754,0.9963543230485994
2755,0.9977031791939951
2756,0.9999461620400079
2757,0.001470166721245751
2758,0.9999253032119443
2759,0.9984821156847076
2760,0.06303242755970426
2761,0.9979840001420242
2762,0.00038412401892641074
2763,0.00019758907286911484
2764,0.999925646577839
2765,0.0006156284745628997
2766,0.9992672525801392
2767,0.0011770376296172808
2768,7.989539492903395e-06
2769,0.0019141219865445346
2770,0.01800344221815213
2771,0.9517086095045371
2772,4.31599980306202e-05
2773,0.04561121009807691
2774,0.044694432311548245
2775,0.0005603080034573259
2776,0.00019742295297860631
2777,0.9999849207361668
2778,0.999744872512733
2779,0.9996066720507375
2780,0.0018138538242645807
2781,0.9998958872149679
2782,0.9998300916160029
2783,1.7706031056351216e-06
2784,0.0002515111935636019
2785,3.632242381843449e-05
2786,0.9991545064621323
2787,0.9956375135564246
2788,0.000295722291111158
2789,0.9976360847632867
2790,0.041760900707693956
2791,0.9992349766099008
2792,0.0016395511015994207
2793,0.9993214746712048
2794,0.9993942800792592
2795,0.9811221551575245
2796,0.8816897926008368
2797,0.008101982081642244
2798,0.9916054742426168
2799,0.9999408395301773
2800,0.0005190684864715051
2801,0.002348173688914205
2802,2.048550859124248e-06
2803,0.9986777270928645
2804,0.9999996598223706
2805,0.0014378734341523344
2806,0.9996217143303695
2807,0.00043948062087033633
2808,3.986967124312882e-05
2809,0.9983512824903028
2810,0.9996772690580856
2811,0.9999273812463031
2812,0.07252436132584796
2813,0.27686320091448174
2814,0.9733145419143414
2815,0.0006276370271890878
2816,0.9998491439974275
2817,0.9816522053471964
2818,0.002537897031181248
2819,1.5458981658188795e-08
2820,0.9942775767637032
2821,7.211879584262711e-05
2822,0.007697463324506585
2823,0.9994869544116544
2824,0.9964703442457569
2825,0.9940478349906253
2826,0.9986813404551467
2827,2.5054112796417e-05
2828,0.9876308164358464
2829,0.9934594718683163
2830,0.06345050966951908
2831,2.8399045422437554e-05
2832,0.8428099941791893
2833,0.0001521681205662961
2834,0.8992866377158597
2835,0.004042362978818341
2836,7.544874448432948e-08
2837,0.9122734035026325
2838,0.9999460036560331
2839,0.9786008835333588
2840,0.00016017189177075467
2841,3.7237711392351876e-07
2842,0.0014305154873344723
2843,1.1679964162406802e-05
2844,0.9114487357219673
2845,0.00016674125833457797
2846,0.9992775406242346
2847,0.9988756775917318
2848,0.9994460125990704
2849,0.029223538044692226
2850,0.018571194573162916
2851,1.1717648214735057e-05
2852,0.9960180931515359
2853,0.0013562499462501823
2854,0.9947897535940761
2855,0.027331428526055614
2856,0.0007202568997582815
2857,3.138197387068825e-05
2858,2.8728103485620268e-08
2859,0.9984181479618247
2860,0.010035156738248407
2861,0.9999056915339795
2862,0.999939941393818
2863,0.9998587909510295
2864,0.006414972233490253
2865,0.8698903440970942
2866,0.9960070261507258
2867,0.9993344499271031
2868,0.002065582746921704
2869,0.07968162945302643
2870,0.9999945974690374
2871,0.0013197992110025598
2872,0.9999995069634013
2873,0.9717619968534157
2874,9.530688661960667e-06
2875,0.006789158482083854
2876,0.9958065749395175
2877,0.005959801125795559
2878,0.9998872503797793
2879,0.9994050763057576
2880,0.9991159559193119
2881,0.0018949748252683268
2882,0.9991959080743467
2883,0.9999884336841629
2884,8.389659778557686e-05
2885,1.0054631829037804e-07
2886,0.9961638392244411
2887,0.0033687974975578974
2888,0.0016455838364721816
2889,0.9997761305654713
2890,0.9999258786036281
2891,0.9711169495901435
2892,0.9840746037054346
2893,0.9992054960866056
2894,0.002113178551755591
2895,0.9978425620481745
2896,0.99989575578391
2897,0.999759266169135
2898,0.0008573817959434975
2899,0.9781904601423411
2900,0.03776667658493871
2901,0.9999446738064193
2902,0.9983376748596042
2903,0.9995100393287226
2904,0.24816671411838456
2905,0.9996909326675226
2906,0.9991680676747468
2907,0.011738516875079494
2908,1.6184242304233514e-06
2909,0.5994113100259206
2910,0.9900197002380985
2911,4.732679507488034e-05
2912,0.9016743094471121
2913,5.028465743131804e-07
2914,0.9483434458420387
2915,0.9986683897883483
2916,0.9952525548994153
2917,0.9999151280362307
2918,0.9999429218695044
2919,0.9990304402369548
2920,0.0012936403605744889
2921,0.9961410787694965
2922,0.999789711201915
2923,0.9999708837950976
2924,0.0028532908268042202
2925,0.996840735035512
2926,0.9998621916297993
2927,0.00044417827814699577
2928,1.471139552350184e-08
2929,2.0635110584146988e-06
2930,0.9681530418313905
2931,0.9996803993057751
2932,0.8687124098689136
2933,0.001453854343428379
2934,0.9986320722502552
2935,0.9697966054232888
2936,0.9999535363837797
2937,0.007765972340974902
2938,0.002735487100232565
2939,0.999460110795611
2940,0.0007227731175671081
2941,0.007063124850322762
2942,0.9967663793228889
2943,0.00019370128294612005
2944,0.0008517196709997672
2945,0.9972366589406372
2946,0.9999796245501731
2947,0.0046696070421073385
2948,1.8036870023242699e-06
2949,0.998864056402788
2950,0.030023534804688855
2951,0.623438521088548
2952,0.006548633583887082
2953,0.9980202088540145
2954,0.09779074093964302
2955,0.9995368239389533
2956,3.6993749358046776e-07
2957,0.009365350446622631
2958,0.999907992625542
2959,0.015207601112819765
2960,0.9663016378803561
2961,0.008509982783597289
2962,0.9999843241018787
2963,0.9997009766464939
2964,0.0006605316070585743
2965,0.9985098429083994
2966,0.00012665275603155254
2967,0.9826298394710682
2968,0.9998124984323191
2969,1.2397846577630637e-06
2970,0.9999984674068426
2971,0.9999920504845244
2972,0.0026626938825248907
2973,0.9914475498747681
2974,0.0020908005195114385
2975,0.9999798817857652
2976,0.9988043201527035
2977,0.9733500261390545
2978,0.006482017819015024
2979,0.9881561527652785
2980,8.454219024553005e-05
2981,1.6101092594148105e-06
2982,0.0008926737607006482
2983,0.9850915509101676
2984,0.9999971220547742
2985,0.002255546012123469
2986,0.00017046169203772677
2987,0.004919392758648284
2988,0.999427217281444
2989,1.3425993750818763e-05
2990,0.00018317215246068318
2991,0.9970615333843093
2992,0.995885343601872
2993,0.00281400209643072
2994,0.9974066945080469
2995,0.99975190046703
2996,0.0015441130271089416
2997,0.9953925233835517
2998,0.8837770091153894
2999,0.9931288694889131
3000,0.5810395037148505
3001,0.0010242718816291054
3002,0.9997915596509912
3003,0.9952014182176091
3004,0.9876001824032932
3005,0.9999323570467399
3006,0.9996943895137689
3007,0.999999006859807
3008,6.318181671278129e-07
3009,0.07405404300397235
3010,0.00017247005053023387
3011,0.00013239653211484997
3012,0.9990607251254429
3013,2.623376431016841e-07
3014,0.993067366042534
3015,0.9997408613666611
3016,0.01512050699561458
3017,0.9999180252503477
3018,0.9912483460345407
3019,0.9990323678089319
3020,0.0010187983650620951
3021,0.9995249536868224
3022,0.9999942207092325
3023,0.9976024227989668
3024,0.004648422458283451
3025,0.9882069048292585
3026,0.9997026709266009
3027,0.0060648325378086605
3028,0.0016751911321321402
3029,0.0038214467078536386
3030,0.9997686754087
3031,0.9997037152837072
3032,0.003667613310144088
3033,0.0006688958453480161
3034,0.0006100795917012121
3035,0.9991893671570794
3036,9.56956593358804e-05
3037,0.01377476439195217
3038,0.9807308886197678
3039,0.9988416736233395
3040,0.9769387674113671
3041,0.9987183483983242
3042,0.0015486540601925601
3043,0.8692726325990024
3044,0.004220329361291657
3045,0.0002663093032543521
3046,0.9999908393471492
3047,0.9909590415153523
3048,0.0035128158998828404
3049,0.9994534230872243
3050,0.9991098061948241
3051,0.9426938836086437
3052,0.44072511879619836
3053,0.9941147185268921
3054,0.006760163379674479
3055,0.0004979374126266425
3056,0.9929968915393118
3057,0.0006853431764041306
3058,0.007508182634982416
3059,0.03732934841592538
3060,0.9883809113675904
3061,0.0011536864448416445
3062,0.9810531894539088
3063,0.0007281688316568908
3064,1.7164987905276472e-06
3065,0.9925370327271276
3066,3.458265505226906e-06
3067,0.9999617065293207
3068,7.506335626868609e-07
3069,0.9999566207850416
3070,0.9935044094167247
3071,0.9931615958087561
3072,0.0005536562563246831
3073,0.001560189555683869
3074,0.9998695755031792
3075,0.9987960878465141
3076,0.999638472284805
3077,0.4909073221479718
3078,4.6799114556599645e-06
3079,0.9999377551258156
3080,0.931572520755288
3081,0.9978736518381294
3082,0.0003184270583311
3083,5.912523714359889e-07
3084,0.012427221540182205
3085,0.0012491927467752865
3086,0.9999580666144913
3087,0.0032141857416416557
3088,8.30736948453537e-05
3089,9.152828761847674e-06
3090,0.007325641288001419
3091,0.9999992452731729
3092,0.9936309413316238
3093,9.343863279752021e-07
3094,0.7778660141169529
3095,0.006621352323188036
3096,0.8996517967005511
3097,0.0003029292838207626
3098,0.9922901568975665
3099,0.9990432081030701
3100,0.9978694759438216
3101,0.04027540088264118
3102,0.999704306710543
3103,0.002318782309802729
3104,0.9983250968753817
3105,0.004136369092368239
3106,0.004341413084901071
3107,0.4089205245177965
3108,0.06030842361727885
3109,0.005573628003895111
3110,0.011009035809551652
3111,0.997030411186814
3112,0.9981930021073847
3113,0.9640287849608091
3114,0.994361008462004
3115,0.0013988544442140353
3116,0.0006702506495987386
3117,0.9994741749074547
3118,0.987797492281605
3119,0.008963457839926428
3120,0.9991041561651679
3121,0.0021752907076739826
3122,0.007773809702061374
3123,0.00034213472913924883
3124,0.999978992117304
3125,0.9650465778965557
3126,4.604835785795106e-06
3127,0.9999912313558197
3128,0.9997270555458903
3129,2.269639999542291e-05
3130,0.972046212451961
3131,0.9711655437828773
3132,0.04790453425671651
3133,0.004723237296444725
3134,0.9855760592987174
3135,0.2015059989264043
3136,0.9988692107794276
3137,0.9999047069409739
3138,0.023349752434101253
3139,0.1087409605434385
3140,0.9995887523040261
3141,2.5548418791890584e-05
3142,0.9975930086792607
3143,0.9998996782700852
3144,0.0020864499213316956
3145,0.9998575587403955
3146,0.9998798792129678
3147,0.9974224170287702
3148,0.9981930244313127
3149,0.9928922978861096
3150,0.0025782062786985646
3151,0.9996326584619908
3152,9.143698923805842e-06
3153,1.4446232248260908e-06
3154,0.9964201246936657
3155,0.04141970636378841
3156,0.8948414599917451
3157,0.9993702998952402
3158,0.007689725031514486
3159,0.00016407099930578002
3160,0.002928625776061615
3161,4.6318443313348995e-05
3162,0.009135016348587165
3163,0.9991219636064728
3164,0.00040120467333945847
3165,0.999429215134221
3166,0.09334570097867233
3167,0.00017507938384582307
3168,0.0426997484283804
3169,0.16565794886993715
3170,0.9954888660642647
3171,0.99952999504201
3172,0.9996965482826906
3173,0.9975277795687233
3174,0.9999344945255384
3175,5.538934844981005e-05
3176,0.999281683341071
3177,0.9982321007951752
3178,0.0008766593918075225
3179,0.9598810108043638
3180,0.995026218676939
3181,0.0065165267458725685
3182,0.0002143486499050592
3183,0.9979259401186628
3184,0.007308825724410245
3185,0.9379907690974184
3186,0.006035379706180037
3187,0.022776414617832978
3188,1.9141630767294933e-06
